split_year,classifier,auc_early_train,lo_early,hi_early,auc_late_test,lo_late,hi_late,n_train,n_test
2012,random_forest,0.997919366025438,0.9934316347789695,1.0,0.9745811218386685,0.9511479749722338,0.992199088201316,141,267
2012,xgboost,1.0,0.9999999999999999,1.0,0.941322674889442,0.9054161910647467,0.9710060301060823,141,267
2012,logistic_regression,0.9791842643797911,0.9526735150856067,0.9962174271613631,0.8865549252988919,0.8254394894511173,0.9405254831335732,141,267
2013,random_forest,0.998008520946682,0.9952119332107844,0.9998039001122334,0.9707764030145,0.9195002926543752,1.0,331,77
2013,xgboost,1.0,0.9999999999999999,1.0,0.9764069713222282,0.9367043740573153,0.9989754098360656,331,77
2013,logistic_regression,0.968867294214916,0.9473668457473275,0.989698395236151,0.9524393578251789,0.8937117981520966,0.9913165983606557,331,77
